{
  "project_info": {
    "project_number": "271766570302",
    "firebase_url": "https://lawatimersal-1cb21.firebaseio.com",
    "project_id": "lawatimersal-1cb21",
    "storage_bucket": "lawatimersal-1cb21.appspot.com"
  },
  "client": [
    {
      "client_info": {
        "mobilesdk_app_id": "1:271766570302:android:f65ed8a0b74e206b",
        "android_client_info": {
          "package_name": "com.mersal.mersal"
        }
      },
      "oauth_client": [
        {
          "client_id": "271766570302-ts9eglbcujobg7tn1sonhonk4qpi6knu.apps.googleusercontent.com",
          "client_type": 1,
          "android_info": {
            "package_name": "com.mersal.mersal",
            "certificate_hash": "33679e04d387fb567360663856a6fbeff764763e"
          }
        },
        {
          "client_id": "271766570302-e0dmh5t9bi1ah7ijnt8i227d9ndq1rrj.apps.googleusercontent.com",
          "client_type": 1,
          "android_info": {
            "package_name": "com.mersal.mersal",
            "certificate_hash": "d7a25192808dd249d07465d52dd810c2b2ede355"
          }
        },
        {
          "client_id": "271766570302-s8l1rq173iun7nd70noic6qerk7pml4g.apps.googleusercontent.com",
          "client_type": 3
        }
      ],
      "api_key": [
        {
          "current_key": "AIzaSyBEdMlZz04zA-0PQCRP3z_uETvGfYpi9f8"
        }
      ],
      "services": {
        "appinvite_service": {
          "other_platform_oauth_client": [
            {
              "client_id": "271766570302-s8l1rq173iun7nd70noic6qerk7pml4g.apps.googleusercontent.com",
              "client_type": 3
            }
          ]
        }
      }
    }
  ],
  "configuration_version": "1"
}